"id","matchDate","Country","League","Season","homeTeam","awayTeam","referee","FTHG","FTAG","FTR"
"119179","05-05-26 02:30","Argentina","Liga Profesional","2026","Estudiantes Rio Cuarto","Instituto","Andres Merlos","0","2","A"
"150466","21-09-26 00:15","Argentina","Liga Profesional","2026","Belgrano","Estudiantes Rio Cuarto","Andres Merlos","2","1","H"
"135648","13-09-26 19:45","Argentina","Liga Profesional","2026","Tigre","Rosario Central","Andres Merlos","0","1","A"
"134997","06-09-26 22:00","Argentina","Liga Profesional","2026","Lanus","Defensa y Justicia","Andres Merlos","1","0","H"
"130584","22-08-26 21:00","Argentina","Liga Profesional","2026","Atl. Tucuman","Instituto","Andres Merlos","0","0","D"
"128062","15-08-26 01:30","Argentina","Liga Profesional","2026","Racing Club","Banfield","Andres Merlos","0","1","A"
"127861","08-08-26 19:45","Argentina","Liga Profesional","2026","Dep. Riestra","Estudiantes L.P.","Andres Merlos","2","0","H"
"127691","02-08-26 22:00","Argentina","Liga Profesional","2026","Newells Old Boys","Boca Juniors","Andres Merlos","2","2","D"
"127621","31-07-26 02:15","Argentina","Liga Profesional","2026","Central Cordoba","Atl. Tucuman","Andres Merlos","0","2","A"
"123469","25-07-26 00:00","Argentina","Liga Profesional","2026","Velez Sarsfield","Instituto","Andres Merlos","1","0","H"
"120420","13-05-26 00:00","Argentina","Liga Profesional","2026","Belgrano","Union de Santa Fe","Andres Merlos","2","0","H"
"83932","23-01-26 02:15","Argentina","Liga Profesional","2026","Instituto","Velez Sarsfield","Andres Merlos","0","1","A"
"118396","20-04-26 01:30","Argentina","Liga Profesional","2026","Rosario Central","Sarmiento Junin","Andres Merlos","2","1","H"
"117965","12-04-26 00:30","Argentina","Liga Profesional","2026","Boca Juniors","Independiente","Andres Merlos","1","1","D"
"117757","07-04-26 02:15","Argentina","Liga Profesional","2026","Instituto","Defensa y Justicia","Andres Merlos","2","0","H"
"114346","22-03-26 02:15","Argentina","Liga Profesional","2026","Belgrano","Racing Club","Andres Merlos","1","2","A"
"102390","10-03-26 23:45","Argentina","Liga Profesional","2026","Independiente","Union de Santa Fe","Andres Merlos","4","4","D"
"97303","24-02-26 23:15","Argentina","Liga Profesional","2026","San Lorenzo","Instituto","Andres Merlos","1","1","D"
"97073","20-02-26 21:45","Argentina","Liga Profesional","2026","Estudiantes L.P.","Sarmiento Junin","Andres Merlos","1","0","H"
"91758","13-02-26 01:15","Argentina","Liga Profesional","2026","Argentinos Jrs","River Plate","Andres Merlos","1","0","H"
"90852","07-02-26 01:00","Argentina","Liga Profesional","2026","Central Cordoba","Union de Santa Fe","Andres Merlos","1","0","H"
"88826","29-01-26 23:15","Argentina","Liga Profesional","2026","Belgrano","Tigre","Andres Merlos","1","1","D"